index,words,definitions,proficiency
1,abacus,frame with balls for calculating       ,None
2,abate,to lessen to subside        ,None
3,abdication,giving up control authority        ,None
4,aberration,straying away from what is normal      ,None
5,abet,help/encourage smb (in doing wrong)     ,None
6,abeyance,suspended action          ,None
7,abhor,to hate to detest        ,None
8,abide,be faithful to endure        ,None
9,abjure,promise or swear to give up      ,None
10,abraded,rubbed off worn away by friction      ,None
11,abrogate,repeal or annul by authority       ,None
12,abscond,to go away suddenly (to avoid arrest)     ,None
13,abstruse,difficult to comprehend obscure        ,None
14,abut,border on          ,None
15,abysmal,bottomless extreme          ,None
16,acarpous,effete no longer fertile worn out      ,None
17,acclaimed,welcomed with shouts and approval       ,None
18,accolade,praise approval          ,None
19,accretion,the growing of separate things into one     ,None
20,adamant,kind of stone inflexible        ,None
21,admonitory,containing warning          ,None
22,adorn,add beauty decorate         ,None
23,adulteration,making unpure poorer in quality       ,None
24,affable,polite and friendly       ,None
25,affinity,close connection relationship         ,None
26,aggravate,make worse irritate         ,None
27,agile,active quick-moving          ,None
28,agog,eager/excited         ,None
29,ail,trouble be ill         ,None
30,alacrity,eager and cheerful readiness        ,None
31,alcove,recess/partially enclosed place       ,None
32,allegiance,duty support loyalty         ,None
33,alleviate,make (pain) easier to bear       ,None
34,alloy,to debase by mixing with something inferior     ,None
35,aloof,reserved indifferent          ,None
36,amalgamate,mix combine unite societies        ,None
37,ambidextrous,able to use the left hand or the right equally well ,None
38,ambiguous,doubtful uncertain          ,None
39,ambivalent,having both of two contrary meanings      ,None
40,ameliorate,improve make better         ,None
41,amortize,end (a debt) by setting aside money     ,None
42,anguish,severe suffering        ,None
43,animosity,strong dislike          ,None
44,antidote,medicine used against a poison or a disease    ,None
45,antithetical,direct opposing          ,None
46,apartheid,brutal racial discrimination         ,None
47,aplomb,self-confidence           ,None
48,apostate,one who abandons long-held religious or political convictions    ,None
49,apotheosis,deification glorification to godliness        ,None
50,appease,make quiet or calm        ,None
51,apprehensive,grasping understanding fear unhappy feeling about future     ,None
52,apprise,give notice to inform        ,None
53,approbation,approval           ,None
54,apropos,appropriate to the situation apt       ,None
55,apt,well-suited quick-witted          ,None
56,arabesque,a complex ornate design        ,None
57,arboreal,of connected with trees        ,None
58,ardor,enthusiasm           ,None
59,arduous,steep difficult ascent laborious        ,None
60,argot,jargon slang          ,None
61,arrant,in the highest degree        ,None
62,arrogance,proud superior manner of behaviour       ,None
63,articulate,speak distinctly connect by joints       ,None
64,ascend,go or come up        ,None
65,ascertain,get to know         ,None
66,ascetic,practicing self-denial austere stark        ,None
67,ascribe,consider to be the origin of or belonging to   ,None
68,aseptic,surgically clean        ,None
69,asperity,roughness harshness ill temper irritability       ,None
70,aspersion,slander           ,None
71,assail,with attack violently         ,None
72,assiduous,diligent hard-working sedulous         ,None
73,assuage,make smth (pain desire) less       ,None
74,asterisk,the mark * (e.g.. omitted letters)      ,None
75,astringent,substance that shrinks         ,None
76,astute,clever quick at seeing to get an advantage    ,None
77,atonement,repayment death of Jesus        ,None
78,attenuate,make thin. weaken enervate        ,None
79,attune,bring into harmony       ,None
80,audacious,daring foolishly bold impudent        ,None
81,augury,omen sign          ,None
82,august,majestic venerable          ,None
83,auspicious,favorable successful prosperous         ,None
84,austere,severely moral and strict simple and plain     ,None
85,auxiliary,helping supporting          ,None
86,aver,affirm assert prove justify        ,None
87,aversion,strong dislike          ,None
88,avid,eager greedy          ,None
89,avow,admit. Declare openly         ,None
90,baleful,harmful ominous causing evil        ,None
91,balk,obstacle purposely to get on the way of    ,None
92,baneful,causing harm or ruin pernicious destructive      ,None
93,barrage,artificial obstacle built across a river      ,None
94,barren,not good enough unable to have young ones without value  ,None
95,bask,in enjoy warmth and light       ,None
96,beatify,to bless make happy or ascribe a virtue to   ,None
97,bedizen,to adorn especially in a cheap showy manner    ,None
98,belabor,beat hard        ,None
99,bellicose,belligerent pugnacious warlike         ,None
100,belligerent,(person nation) waging war        ,None
101,benefactor,person who has given help       ,None
102,benevolence,wish or activity in doing good      ,None
103,benign,kind and gentle mild (climate)       ,None
104,bequest,arrangement to give smth at death      ,None
105,berate,scold sharply          ,None
106,bereft,rob or dispossess of smth (material)      ,None
107,bewilder,puzzle confuse          ,None
108,bigot,stubborn narrow-minded person         ,None
109,bilge,bulge the protuberance of a cask      ,None
110,blandishment,flattery coaxing          ,None
111,blandness,polite manner comforting uninteresting        ,None
112,blatant,noisy and rough         ,None
113,blithe,cheerful casual carefree         ,None
114,bogus,sham counterfeit not genuine        ,None
115,boisterous,loud noisy rough lacking restraint       ,None
116,bolster,give greatly needed support        ,None
117,boorish,crude offensive rude         ,None
118,brash,hasty rush cheeky saucy        ,None
119,brass,yellow metal (mixing copper and zinc)      ,None
120,brazen,made of brass         ,None
121,breach,opening broken place breaking        ,None
122,brittle,easily broken          ,None
123,broach,bring up announce begin to talk about     ,None
124,brook,to tolerate endure         ,None
125,buoyant,able to float light-hearted        ,None
126,burgeon,grow forth send out buds       ,None
127,burnish,to polish rub to a shine      ,None
128,cabal,a scheme or plot a group of plotters    ,None
129,cadge,to beg to get by begging      ,None
130,cajole,use flattery or deceit to persuade    ,None
131,calipers,metal supports attached to the legs measuring instrument    ,None
132,calumny,slander aspersion          ,None
133,candid,frank straight-forward          ,None
134,cant,insincere talk/jargon        ,None
135,cantankerous,bad-tempered/quarrelsome         ,None
136,canvass,discuss thoroughly sort of touting       ,None
137,castigate,to chastise correct by punishing       ,None
138,castigation,severe punishment          ,None
139,catalyst,substance that causes speeding up       ,None
140,caustic,biting sarcastic          ,None
141,censure,expression of blame or disapproval a rebuke     ,None
142,centurion,leader of a unit of 100 soldiers     ,None
143,chary,cautious wary          ,None
144,chastened,corrected punished          ,None
145,chastisement,punishment           ,None
146,chauvinist,a blindly devoted patriot        ,None
147,chicanery,legal trickery/false argument       ,None
148,chisel,steel tool for shaping materials       ,None
149,churl,bad-tempered person          ,None
150,clamor,shout complain with a lot of noise     ,None
151,clientele,customers         ,None
152,clinch,come to grips/settle conclusively      ,None
153,cling,to resist separation         ,None
154,clot,half-solid lump formed from liquid       ,None
155,cloture,closing device (in Parliament) to end a debate by voting  ,None
156,coagulation,change to a thick and solid state   ,None
157,coalescing,coming together and uniting into one substance     ,None
158,coax,get smb to do smth by kindness     ,None
159,coda,passage that completes a piece of music   ,None
160,coddle,treat with care and tenderness       ,None
161,coerce,compel to force to make obedient      ,None
162,coeval,of the same period coexisting       ,None
163,cogent,strong convincing          ,None
164,cogitate,think deeply mediate         ,None
165,cognizant,being fully aware of        ,None
166,colander,bowl-shaped vessel with many holes used to drain off water  ,None
167,collusion,secret agreement for a deceitful purpose      ,None
168,combustion,process of burning         ,None
169,commemorate,keep the memory of        ,None
170,commodious,having plenty of space for what is needed  ,None
171,commuter,person who travels regularly        ,None
172,complaisance,tending to comply obliging willingness to please     ,None
173,compunction,feeling of regret for one's action      ,None
174,conceal,hide keep secret         ,None
175,conceit,over-high opinion of too much pride      ,None
176,conciliatory,reconciling soothing comforting mollifying        ,None
177,concord,agreement or harmony         ,None
178,concur,agree in opinion happen together       ,None
179,condense,increase in density strength make laconic      ,None
180,condone,forgive           ,None
181,congeal,make or become stiff and solid      ,None
182,conjoin,to join together         ,None
183,connoisseur,a person with good judgement (e.g.. in art)    ,None
184,connotation,suggestion in addition to        ,None
185,consequential,pompous self important         ,None
186,console,give comfort or sympathy to       ,None
187,conspicuous,easily seen remarkable         ,None
188,consternation,surprise and fear dismay        ,None
189,constrain,compel         ,None
190,constrict,make tight or smaller        ,None
191,consume,get to the end of       ,None
192,consummate,perfect/make perfect/complete        ,None
193,contemn,to scorn or despise        ,None
194,contentious,argumentative pugnacious combative quarrelsome        ,None
195,contiguous,touching neighboring near         ,None
196,contrite,filled with deep sorrow for wrongdoing      ,None
197,contumacious,insubordinate rebellious          ,None
198,conundrum,a riddle dilemma enigma        ,None
199,conviction,convincing firm belief         ,None
200,convoke,call together summon         ,None
201,convoluted,complicated coiled twisted         ,None
202,cordial,warm and sincere         ,None
203,cordon,line (of police acting as a guard)     ,None
204,cornucopia,abundant supply        ,None
205,corporeal,physical of or for the body      ,None
206,correlate,have a mutual relation        ,None
207,corroboration,additional strengthening evidence         ,None
208,countenance,to favor or approve of       ,None
209,counterfeit,forgery           ,None
210,countervail,counterbalance           ,None
211,covert,disguised           ,None
212,covetous,eagerly desirous          ,None
213,cower,crouch shrink back         ,None
214,coy,shy/modest (esp of a girl)     ,None
215,crass,very great (es. stupidity)      ,None
216,cravat,piece of linen worn as a necktie   ,None
217,craven,cowardly           ,None
218,crease,line made by crushing white line on the ground in cricket ,None
219,credulity,too great a readiness to believe things     ,None
220,credulous,ready to believe things        ,None
221,crush,press lose shape subdue overwhelm       ,None
222,cryptic,secret with a hidden meaning       ,None
223,cumbersome,burdensome heavy and awkward to carry      ,None
224,curmudgeon,bad-tempered person          ,None
225,curriculum,course of study         ,None
226,cursory,quick hurried          ,None
227,curtail,make shorter then was planned       ,None
228,dainty,pretty/delicate(food)/difficult to please       ,None
229,daunt,intimidate make fearful         ,None
230,dawdler,person who is slow waste of time     ,None
231,dearth,shortage           ,None
232,debacle,a breakup overthrow sudden disaster       ,None
233,decorum,propriety properness          ,None
234,decree,order given by authority        ,None
235,decry,disapprove of          ,None
236,defer,postpone give way (to show respect)      ,None
237,deferential,showing respect          ,None
238,defiance,open disobedience or resistance        ,None
239,delineate,to portray depict sketch out       ,None
240,deluge,great flood heavy rush of water      ,None
241,demagogue,person appealing not to reasons       ,None
242,demur,to hesitate raise objections        ,None
243,denigrate,blacken belittle sully defame        ,None
244,denouement,an outcome or solution the unraveling of a plot   ,None
245,deplete,use until none remains        ,None
246,deposition,dethronement depositing          ,None
247,deprave,make morally bad corrupt        ,None
248,deprecate,protest against express disapproval of       ,None
249,dereliction,deserting and leaving to fall into ruins     ,None
250,derision,ridicule mockery deriding         ,None
251,derivative,unoriginal obtained from another source       ,None
252,derogatory,insulting tending to damage        ,None
253,descry,catch sight of see smth in the distance    ,None
254,desiccant,substance used to absorb moisture       ,None
255,desuetude,cessation of use disuse        ,None
256,desultory,aimless haphazard digressing at random       ,None
257,deter,discourage hinder          ,None
258,detraction,slandering verbal attack aspersion        ,None
259,detumescence,diminishing or lessening of swelling       ,None
260,deviance,being different in moral standards (from normal)     ,None
261,dexterity,skill (esp. in handling)        ,None
262,diaphanous,transparent gauzy          ,None
263,diatribe,bitter and violent attack in words      ,None
264,diffidence,shyness           ,None
265,dilate,speak comprehensively become wider large       ,None
266,disallow,refuse to allow or accept as a correct    ,None
267,discern,see with an effort but clearly      ,None
268,discomfit,confuse embarrass          ,None
269,disconcert,upset the self-possession of        ,None
270,discountenance,refuse to approve of        ,None
271,discourse,speech lecture          ,None
272,discredit,refuse to believe         ,None
273,discreet,careful/prudent         ,None
274,discrete,individually distinct        ,None
275,disdain,look on with contempt        ,None
276,disencumber,free from encumbrance         ,None
277,disheveled,untidy           ,None
278,disingenuous,sophisticated artful trying to deceive cunning      ,None
279,disinter,dig up from the earth       ,None
280,dislodge,move force from the place occupied      ,None
281,dismal,sad gloomy miserable         ,None
282,disparate,essentially different          ,None
283,disproof,proof to the contrary      ,None
284,dissemble,speak or behave so as to hide smth (in mind)  ,None
285,disseminate,distribute (esp. ideas)         ,None
286,dissent,have a different opinion refuse to assent     ,None
287,dissolution,disintegration looseness in morals        ,None
288,distraught,distracted violently upset in mind       ,None
289,divergence,getting farther apart from a point      ,None
290,divestiture,taking off getting rid of giving up     ,None
291,divulge,make known smth secret        ,None
292,doggerel,trivial poorly constructed verse        ,None
293,dogmatic,positive certain arbitrary without room for discussion     ,None
294,dolt,stupid fellow          ,None
295,dormant,in a state of inactivity but awaiting development    ,None
296,dote,show much fondness center one's attention      ,None
297,drawl,slow way of speaking      ,None
298,droll,jesting         ,None
299,drone,male bee person who isn't self-employed      ,None
300,drowsiness,feeling sleepy half asleep        ,None
301,dubious,feeling doubt          ,None
302,dud,no use person smth that fails      ,None
303,dulcet,melodious harmonious          ,None
304,dupe,cheat make a fool of       ,None
305,duplicity,deliberate deception          ,None
306,duress,threats to compel smb        ,None
307,dwarf,person or smb much below the usual size    ,None
308,dynamo,a generator something that produces electric current     ,None
309,earthenware,dishes made of baked clay       ,None
310,ebullience,exuberance outburst of feeling        ,None
311,ebullient,overflowing with enthusiasm showing excitement       ,None
312,ecumenical,representing the whole Christian world       ,None
313,edacious,voracious devouring          ,None
314,eddy,circular or spiral movement (e.g.. of wind)     ,None
315,edible,fit to be eaten/not poisonous     ,None
316,effete,infertile worn out weak        ,None
317,efficacy,production of a desired result       ,None
318,effluvia,outflow in a stream of particles a noxious odor or vapor ,None
319,effrontery,boldness impudence arrogance         ,None
320,egress,way out exit         ,None
321,elaborate,worked out with much care in great detail    ,None
322,elegy,a lament a melancholy composition       ,None
323,elicit,draw out          ,None
324,eloquence,fluent speaking skillful use of language      ,None
325,emaciate,make thin and weak        ,None
326,embellish,make beautiful          ,None
327,embezzle,use in a wrong way for one's own benefit   ,None
328,emote,stir up excite         ,None
329,empirical,relying on experiment         ,None
330,encapsulate,enclose in capsule         ,None
331,encomium,warm or glowing praise eulogy panegyric      ,None
332,encumbrance,burden things that get on the way of    ,None
333,endearing,making dear or liked        ,None
334,endemic,epidemic           ,None
335,endorse,write one's name on the back of     ,None
336,enduring,lasting           ,None
337,enervate,weaken deprive of strength attenuate       ,None
338,engender,cause produce give rise to       ,None
339,engrave,impress deeply          ,None
340,engrossing,taken up all the time or attention writing in large or formal,None
341,engulf,swallow up          ,None
342,enigma,smth that is puzzling        ,None
343,enmity,hatred being an enemy        ,None
344,ensign,flag/badge         ,None
345,entangle,put into difficulties         ,None
346,enthral,please greatly/enslave (fig)       ,None
347,entice,tempt or persuade       ,None
348,entreat,ask earnestly          ,None
349,enunciate,pronounce (words)/express a theory      ,None
350,enzyme,catalyst           ,None
351,epicurean,devoted to pleasure (sensuous enjoyment)       ,None
352,epistle,letter           ,None
353,epithet,adjective           ,None
354,epitome,brief summary representative example a typical model     ,None
355,equable,steady regular          ,None
356,equanimity,calmness of temperament         ,None
357,equilibrium,state of being balanced        ,None
358,equipoise,equal distribution of weight equilibrium       ,None
359,equivocal,having a double or doubtful meaning suspicious     ,None
360,equivocate,try to deceive by equivocal language      ,None
361,eradicate,get rid of pull up by the roots    ,None
362,erratic,irregular in behaviour or opinion       ,None
363,erudite,learned scholarly          ,None
364,eschew,avoid         ,None
365,esoteric,abstruse intended only for a small circle of    ,None
366,espouse,marry give one's support to       ,None
367,eulogy,formal praise panegyric         ,None
368,euphoria,elation state of pleasant excitement       ,None
369,euthanasia,easy and painless death        ,None
370,evasive,tending to evade       ,None
371,evince,to show clearly to indicate       ,None
372,evoke,call up bring out        ,None
373,excoriation,severe criticism          ,None
374,exculpate,to clear from a charge of guilt     ,None
375,exhaustive,complete thorough          ,None
376,exigency,emergency an urgent situation        ,None
377,exoneration,set smb clear free (e.g.. from blame)     ,None
378,exorbitant,much too high or great       ,None
379,expatiate,to roam wander freely        ,None
380,expedient,likely to be useful for a purpose     ,None
381,expiation,ending expiring          ,None
382,exploit,brilliant achievement develop use selfishly       ,None
383,expostulate,argue earnestly to dissuade correct or protest     ,None
384,expurgate,to remove obscenity purify censor       ,None
385,exscind,to cut out cut away       ,None
386,extant,still in existence         ,None
387,extempore,without previous thought or preparation     ,None
388,extenuate,reduce the strength of lessen seriousness partially excuse    ,None
389,extinct,no longer active         ,None
390,extinguish,end the existence of/wipe or put out   ,None
391,extirpate,to destroy exterminate cut out exscind      ,None
392,extol,praise highly          ,None
393,extort,obtain by threats violence        ,None
394,extralegal,outside the law         ,None
395,extricable,that can be freed        ,None
396,extrovert,cheerful person          ,None
397,exuberance,state of growing vigorously being full of life    ,None
398,facetious,humorous funny jocular         ,None
399,facile,easily done          ,None
400,fallacious,based on error         ,None
401,falter,waver/move in an uncertain manner     ,None
402,fatuous,without sense foolish self-satisfaction        ,None
403,fawn,young deer try to win smb's favor     ,None
404,feckless,lacking purpose or vitality ineffective careless      ,None
405,fecund,fertile           ,None
406,feint,pretend           ,None
407,felicitous,apt suitably expressed well chosen apropos      ,None
408,felon,person guilty of murder        ,None
409,ferment,substance become excited         ,None
410,ferocity,savage cruelty          ,None
411,ferret,discover by searching search        ,None
412,fervid,showing earnest feeling         ,None
413,fervor,warmth of feelings earnestness        ,None
414,fetid,stinking         ,None
415,fetter,to shackle put in chains       ,None
416,feud,bitter quarrel over a long period of time    ,None
417,fidelity,loyalty accuracy          ,None
418,fidget,move restlessly make nervous        ,None
419,figurehead,carved image on the prow of a ship    ,None
420,finesse,delicate way of dealing with a situation     ,None
421,finical,too fussy about food clothing etc.      ,None
422,finicky,finical           ,None
423,fission,splitting or division (esp. of cells)      ,None
424,fixate,stare at          ,None
425,flak,criticism/anti-aircraft guns        ,None
426,flamboyant,brightly colored florid         ,None
427,flaunting,show off complacently         ,None
428,flax,pale yellow (hair) a plant       ,None
429,fledged,able to fly trained experienced       ,None
430,fleet,number of ships quick-moving        ,None
431,flinch,draw move back wince        ,None
432,flop,fail/move/fall clumsily        ,None
433,florid,very much ornamented naturally red (e.g.. of face)    ,None
434,flout,reject mock to go against (as in going against tradition)  ,None
435,fluke,lucky stroke        ,None
436,fluster,make nervous or confused        ,None
437,foible,defect of character (a person is wrongly proud)    ,None
438,foil,prevent from carrying out contrast       ,None
439,foment,put smth warm (to lessen the pain)     ,None
440,foolproof,incapable of failure or error     ,None
441,foppish,like a man who pays too much attention to his clothes ,None
442,forage,food for horses and cattle     ,None
443,forbear,refrain from be patient ancestor       ,None
444,forbearance,patience willingness to wait        ,None
445,ford,shallow place in a river (to cross)     ,None
446,forestall,prevent by taking action in advance preempt     ,None
447,forfeit,suffer the loss of smth       ,None
448,forge,workshop for the shaping of metal to shape metal lead  ,None
449,forgery,counterfeit           ,None
450,forswear,renounce disallow repudiate         ,None
451,foster,nurture care for         ,None
452,fracas,noisy quarrel        ,None
453,fragile,easily injured broken or destroyed       ,None
454,fragrant,sweet-smelling           ,None
455,frantic,wildly excited with joy pain anxiety      ,None
456,frenetic,frantic frenzied          ,None
457,fret,worry irritation wear away        ,None
458,fringe,edge ornamental border part of hair over the forehead   ,None
459,froward,intractable not willing to yield or comply stubborn    ,None
460,frugal,careful economical          ,None
461,fulmination,bitter protest          ,None
462,fulsome,disgusting offensive due to excessiveness       ,None
463,gainsay,to deny to oppose,None
464,garble,make unfair selection from facts     ,None
465,garment,article of clothing         ,None
466,garner,to gather and save to store up     ,None
467,garrulity,talkativeness           ,None
468,garrulous,too talkative          ,None
469,gaucherie,socially awkward tactless behavior        ,None
470,germane,relevant pertinent to         ,None
471,gist,the point general sense        ,None
472,glean,gather facts in small quantities       ,None
473,glib,ready and smooth but not sincere      ,None
474,glimmer,weak/unsteady light        ,None
475,gloat,over look at with selfish delight      ,None
476,glut,supply to much fill to excess      ,None
477,gnaw,waste away bite steadily        ,None
478,goad,smth urging a person to action      ,None
479,gorge,eat greedily/narrow opening with a stream    ,None
480,gossamer,soft light delicate material        ,None
481,gouge,tool for cutting grooves in wood      ,None
482,grandiloquent,using pompous words       ,None
483,grave,serious requiring consideration         ,None
484,graze,touch or scrape lightly in passing    ,None
485,gregarious,living in societies liking the company      ,None
486,grievous,causing grief or pain serious dire grave     ,None
487,grovel,crawl humble oneself         ,None
488,guile,deceit cunning          ,None
489,gullible,easily gulled          ,None
490,gush,burst out suddenly/talk ardently      ,None
491,gust,outburst of feeling sudden rain wind fire etc.    ,None
492,hack,cut roughly hired horse        ,None
493,halcyon,calm and peaceful       ,None
494,hallow,to make holy consecrate        ,None
495,harangue,a long passionate speech        ,None
496,harbinger,smth or smb that foretells the coming of    ,None
497,harrow,to distress create stress or torment      ,None
498,haughty,arrogant conceited          ,None
499,heed,attention/give notice to       ,None
500,heinous,odious (of crime)         ,None
501,heresy,belief contrary to what is generally accepted     ,None
502,hermetic,sealed by fusion         ,None
503,heterogeneous,made up of different kinds       ,None
504,hew,make by hard work cut (by striking)     ,None
505,highbrow,(person) with superior tastes      ,None
506,hirsute,hairy shaggy          ,None
507,hoax,mischievous trick played on smb for a joke    ,None
508,hoi,polloi the masses the rabble       ,None
509,hollow,not soled with hole        ,None
510,holster,leather case for a pistol       ,None
511,homiletics,act of preaching       ,None
512,hone,stone used for sharpening tools       ,None
513,hoodwink,trick mislead          ,None
514,hospitable,liking to give hospitality        ,None
515,hubris,arrogant pride          ,None
516,hush,make or become silent      ,None
517,husk,worthless outside part of anything       ,None
518,hypocrisy,falsely making oneself appear to be good     ,None
519,iconoclast,person who attacks popular beliefs       ,None
520,idiosyncrasy,personal mannerism          ,None
521,idolatry,excessive admiration of         ,None
522,idyll,a carefree episode or experience       ,None
523,ignoble,dishonorable common undignified         ,None
524,ignominious,shameful dishonorable undignified disgraceful        ,None
525,illicit,unlawful forbidden          ,None
526,imbroglio,complicated and embarrassing situation        ,None
527,immaculate,pure faultless          ,None
528,imminent,likely to come or happen soon      ,None
529,immutable,that cannot be changed        ,None
530,impair,worsen diminish in value        ,None
531,impassive,unmoved feeling no sign of passion      ,None
532,impecunious,having little or no money       ,None
533,impede,hinder get in the way of      ,None
534,impediment,smth that hinders (e.g. stammer)       ,None
535,impending,imminent being about to happen expected      ,None
536,imperative,urgent essential          ,None
537,imperious,commanding haughty arrogant         ,None
538,impermeable,that cannot be permeated        ,None
539,imperturbable,calm not capable of being excited      ,None
540,impervious,not allowing to pass through (of materials)     ,None
541,imperviousness,haughty arrogant commanding         ,None
542,impetuous,having sudden energy impulsive thrusting ahead forceful     ,None
543,impiety,lack of reverence or dutifulness       ,None
544,implacable,incapable of being placated unpleasable       ,None
545,implicate,show that smb has a share      ,None
546,implicit,implied though not plainly expressed       ,None
547,implosion,collapse bursting inward         ,None
548,importune,beg urgently solicit (of a prostitute)      ,None
549,imprecation,an invocation of evil a curse      ,None
550,impromptu,without preparation          ,None
551,impudent,rash indiscreet          ,None
552,impugned,challenged to be doubted        ,None
553,impute,to attribute to a cause or source ascribe    ,None
554,inadvertent,not paying proper attention        ,None
555,inane,silly senseless          ,None
556,inasmuch,since because          ,None
557,incense,make angry          ,None
558,incessant,often repeated continual         ,None
559,inchoate,not yet fully formed rudimentary elementary      ,None
560,incipient,beginning         ,None
561,incise,engrave make a cut in       ,None
562,incite,stir up rouse         ,None
563,inclined,directing the mind in a certain direction     ,None
564,incongruous,out of place not in harmony or agreement    ,None
565,incorrigibility,cannot be cured or corrected       ,None
566,incredulous,skeptical unwilling to believe        ,None
567,inculcate,fix firmly by repetition        ,None
568,incumbents,official duties          ,None
569,incursion,a raid a sudden attack       ,None
570,indefatigability,not easily exhaustible tirelessness        ,None
571,indelible,that cannot be rubbed out       ,None
572,indigence,poverty           ,None
573,indigenous,native           ,None
574,indistinct,not easily heard seen clearly marked      ,None
575,indolence,laziness           ,None
576,indomitable,not easily discouraged or subdued       ,None
577,indulge,gratify give way to satisfy allow oneself     ,None
578,indulgent,inclined to indulge         ,None
579,ineffable,to great to be described in words     ,None
580,ineluctable,certain inevitable          ,None
581,inept,unskillful said or done at the wrong time    ,None
582,ineptitude,quality of being unskillful      ,None
583,inferno,hell         ,None
584,infuriate,fill with fury or rage       ,None
585,infuse,put pour fill         ,None
586,ingenuous,naive young artless frank honest sincere      ,None
587,ingest,take in by swallowing        ,None
588,inimical,harmful or friendly         ,None
589,inimitable,defying imitation unmatchable         ,None
590,innocuous,causing no harm         ,None
591,inscrutable,incapable of being discovered or understood      ,None
592,insensible,unconscious unresponsive unaffected         ,None
593,insinuate,suggest unpleasantly make a way for smth gently    ,None
594,insipid,without taste or flavor        ,None
595,insouciant,unconcerned carefree          ,None
596,insularity,narrow-mindedness isolated          ,None
597,insurrection,rising of people to open resistance to     ,None
598,interdict,prohibit forbid          ,None
599,interim,as an installment         ,None
600,intersperse,place here and there        ,None
601,intransigence,unwillingness to compromise stubbornness intractability       ,None
602,intransigent,uncompromising           ,None
603,intrepid,fearless brave undaunted         ,None
604,introspection,examining one's own thoughts and feelings      ,None
605,inundate,flood cover by overflowing        ,None
606,inured,accustomed to adapted         ,None
607,invective,abusive language curses         ,None
608,inveigh,to attack verbally denounce deprecate       ,None
609,inveterate,deep-rooted. long-established          ,None
610,invincible,too strong to be defeated     ,None
611,involute,complex           ,None
612,irascible,irritable easily angered         ,None
613,irate,angry           ,None
614,ire,anger           ,None
615,irksome,tiresome           ,None
616,irresolute,hesitating undecided          ,None
617,irrevocable,final and unalterable         ,None
618,itinerate,to travel from place to place to peregrinate    ,None
619,jabber,talk excitedly utter rapidly        ,None
620,jibe,gibe make fun of        ,None
621,jocular,meant as a joke        ,None
622,judicious,sound in judgment wise        ,None
623,knit,draw together unite firmly        ,None
624,labyrinthine,to entangle the state of affairs      ,None
625,lachrymose,causing tears tearful         ,None
626,lackluster,(of eyes) dull         ,None
627,lament,show feel great sorrow        ,None
628,lassitude,weariness tiredness          ,None
629,latent,present but not yet active developed or visible    ,None
630,laudatory,expressing or giving praise        ,None
631,lavish,giving or producing freely liberally or generously     ,None
632,legacy,smth handed down from ancestors       ,None
633,levee,formal reception/embankment        ,None
634,levity,lack of seriousness       ,None
635,libel,statement that damages reputation        ,None
636,liberality,free giving generosity         ,None
637,libertine,immoral person          ,None
638,lien,legal claim until a debt on it is repaid   ,None
639,limn,paint portray          ,None
640,limp,lacking strength walking unevenly        ,None
641,lionize,treat as a famous person     ,None
642,lithe,bending twisting          ,None
643,loll,rest to sit or stand in a lazy way hang (dog's tongue),None
644,lope,move along with long strides     ,None
645,loquacious,talkative garrulous          ,None
646,lucubrate,write in scholarly fashion        ,None
647,luculent,easily understood lucid clear        ,None
648,lugubrious,mournful excessively sad         ,None
649,lull,become quiet or less active       ,None
650,lumber,move in a clumsy/noisy way     ,None
651,luminary,star light-giving body         ,None
652,lurk,be out of view ready to attack   ,None
653,lustrous,being bright polished         ,None
654,macabre,gruesome suggesting death         ,None
655,macerate,make or become soft by soaking in water  ,None
656,machination,plot scheme (esp. evil)        ,None
657,maladroit,tactless clumsy          ,None
658,malapropism,misuse of a word (for one that resembles it)   ,None
659,malevolence,wishing to do evil        ,None
660,malign,injurious speak ill of smb tell lie     ,None
661,malinger,to fake illness or injury in order to shirk a duty ,None
662,malleable,yielding easily shaped moldable adapting       ,None
663,manacle,chains for the hands or feet      ,None
664,massacre,cruel killing of a large number of people    ,None
665,matriculation,be admitted enter a university as a student    ,None
666,maudlin,sentimental in a silly or tearful way     ,None
667,maul,hurt by rough handling      ,None
668,maverick,rebel nonconformist          ,None
669,mellifluous,sweetly flowing          ,None
670,mendacity,dishonesty           ,None
671,mendicant,a beggar          ,None
672,mercurial,quick changeable in character fleeting       ,None
673,meretricious,attractive on the surface but of little value    ,None
674,mesmerize,hypnotize           ,None
675,meticulous,giving great attention to details       ,None
676,mettle,quality of endurance or courage       ,None
677,mettlesome,courageous high-spirited          ,None
678,middling,fairly good but not very good      ,None
679,minatory,menacing threatening          ,None
680,mince,pronounce or speak affectedly euphemize       ,None
681,misanthrope,person who hates mankind        ,None
682,mischievous,harmful causing mischief         ,None
683,miser,person who loves wealth and spends little     ,None
684,misogynist,one who hates women/females        ,None
685,moderation,quality of being limited not extreme      ,None
686,mollify,make calmer or quieter        ,None
687,molt,moult lose hair feathers before new growing     ,None
688,morbid,diseased unhealthy (e.g.. about ideas)       ,None
689,morose,ill-tempered unsocial          ,None
690,muffler,cloth worn round the neck/silencer     ,None
691,multifarious,varied motley greatly diversified        ,None
692,mundane,worldly as opposed to spiritual commonplace everyday     ,None
693,myriad,very great number         ,None
694,nadir,lowest weakest point         ,None
695,nascent,coming into existence emerging        ,None
696,nebulous,cloud-like hazy vague indistinct        ,None
697,negligent,taking too little care        ,None
698,neophyte,person who has been converted to a belief    ,None
699,nexus,a connection tie or link       ,None
700,nibble,show some inclination to accept (an offer)     ,None
701,noisome,offensive disgusting (smell)         ,None
702,nonchalant,not having interest         ,None
703,nonplused,greatly surprised          ,None
704,nostrum,a quack remedy an untested cure      ,None
705,noxious,harmful           ,None
706,nugatory,trifling/worthless         ,None
707,obdurate,hardened and unrepenting stubborn inflexible       ,None
708,obfuscate,to darken make obscure muddle       ,None
709,oblivious,unaware having no memory        ,None
710,obloquy,abusively detractive language sharp criticism vituperation      ,None
711,obsequious,too eager to obey or serve      ,None
712,obstreperous,noisy loud          ,None
713,obtain,to be established accepted or customary      ,None
714,obtrusive,projecting prominent undesirably noticeable        ,None
715,obtuse,blunt/stupid         ,None
716,obviate,to make unnecessary get rid of      ,None
717,occluded,blocked up          ,None
718,odious,repulsive hateful          ,None
719,odium,contempt dislike aversion         ,None
720,odor,smell favor reputation         ,None
721,officious,too eager or ready to help offer advice    ,None
722,ominous,threatening         ,None
723,onerous,needing effort burdensome         ,None
724,opaqueness,dullness/not allowing light to pass through    ,None
725,opprobrious,showing scorn or reproach        ,None
726,ossify,to turn to bone to settle rigidly into an idea  ,None
727,ostensible,seeming appearing as such professed       ,None
728,ostentation,display to obtain admiration or envy      ,None
729,ostracism,shut out from society refuse to meet talk    ,None
730,overhaul,examine thoroughly to learn about the condition     ,None
731,overweening,presumptuously arrogant overbearing immoderate being a jerk     ,None
732,paean,song of praise or triumph       ,None
733,palate,roof of the mouth sense of taste     ,None
734,palatial,magnificent           ,None
735,palliate,lessen the severity of        ,None
736,palpability,can be felt touched understood       ,None
737,palpitate,tremble beat rapidly and irregularly       ,None
738,panegyric,formal praise eulogy         ,None
739,paradigm,a model example or pattern       ,None
740,parenthesis,sentence within another one smth separated      ,None
741,pariah,an outcast a rejected and despised person     ,None
742,parsimonious,too economical miserly         ,None
743,partisan,one-sided committed to a party biased or prejudiced    ,None
744,patron,regular customer person who gives support      ,None
745,paucity,scarcity a lacking of        ,None
746,peccadillo,small sin small weakness in one's character     ,None
747,pedantic,bookish showing off learning        ,None
748,pedestrian,commonplace trite unremarkable         ,None
749,pellucid,transparent easy to understand        ,None
750,penchant,strong inclination a liking        ,None
751,penitent,feeling or showing regret        ,None
752,penurious,poor/stingy         ,None
753,penury,extreme poverty          ,None
754,peregrination,traveling about wandering         ,None
755,peremptory,urgent imperative unchallengeable ending debate       ,None
756,perfidious,treacherous faithless          ,None
757,perfidy,treachery breaking of faith        ,None
758,perfunctory,done as a duty without care      ,None
759,perilous,dangerous           ,None
760,peripatetic,wandering           ,None
761,perish,be destroyed decay         ,None
762,perjury,willful FALSE statement unlawful act       ,None
763,permeate,spread into every part of       ,None
764,pernicious,harmful injurious          ,None
765,perpetrate,be guilty commit (a crime)       ,None
766,personable,pleasing in appearance attractive        ,None
767,perspicacity,quick judging and understanding        ,None
768,pertain,belong as a part have reference      ,None
769,pest,destructive thing or a person who is nuisance    ,None
770,petrified,taken away power (to think feel act)     ,None
771,petrify,to make hard rocklike        ,None
772,petrous,like a rock hard stony       ,None
773,petulant,unreasonably impatient          ,None
774,philistine,a smug ignorant person one who lacks knowledge    ,None
775,phlegmatic,calm sluggish temperament unemotional        ,None
776,picaresque,involving clever rogues or adventurers       ,None
777,pied,of mixed colors         ,None
778,pinch,be too tight take between the thumb and finger   ,None
779,pine,waste away through sorrow or illness    ,None
780,pious,dutiful to parents devoted to religion      ,None
781,piquant,agreeably pungent stimulating         ,None
782,pique,hurt the pride or self-respect stir (curiosity)     ,None
783,pitfall,covered hole as a trap unsuspected danger     ,None
784,pith,essential part force soft liquid substance      ,None
785,pivotal,of great importance (others depend on it)     ,None
786,placate,soothe pacify calm         ,None
787,plaintive,mournful melancholy sorrowful         ,None
788,plaque,flat metal on a wall as a memorial    ,None
789,platitude,a trite or banal statement unoriginality      ,None
790,plea,request           ,None
791,plead,address a court of law as an advocate    ,None
792,plethora,glut           ,None
793,pliant,pliable easily bent shaped or twisted      ,None
794,plod,continue doing smth without resting       ,None
795,pluck,pull the feathers off pick (e.g.. flowers)     ,None
796,plumb,get to the root of       ,None
797,plummet,fall plunge steeply         ,None
798,plunge,move quickly suddenly and with force      ,None
799,poignant,deeply moving keen         ,None
800,poncho,large piece of cloth      ,None
801,ponderous,heavy bulky dull         ,None
802,portent,omen marvelous threatening         ,None
803,precarious,uncertain risky dangerous         ,None
804,precepts,rules establishing standards of conduct       ,None
805,preclude,prevent make impossible         ,None
806,precursory,preliminary anticipating          ,None
807,predilection,special liking mental preference        ,None
808,predominate,have more power than others       ,None
809,preen,tidy/show self-satisfaction        ,None
810,premature,doing or happening smth before the right time    ,None
811,preponderance,greatness in number strength weight       ,None
812,presage,warning sign          ,None
813,presumption,arrogance         ,None
814,preternatural,not normal or usual        ,None
815,prevalent,common           ,None
816,prevaricate,to equivocate to stray from the truth     ,None
817,prim,neat formal          ,None
818,pristine,primitive unspoiled pure as in earlier times unadulterated    ,None
819,probity,uprightness incorruptibility principle         ,None
820,proclivity,inclination           ,None
821,procrastination,keeping on putting off        ,None
822,prodigal,wasteful reckless with money        ,None
823,prodigious,enormous wonderful          ,None
824,profane,worldly having contempt for God       ,None
825,profligacy,shameless immorality        ,None
826,profligate,wasteful prodigal licentious extravagant        ,None
827,profundity,depth           ,None
828,profuse,abundant/lavish         ,None
829,proliferate,grow reproduce by rapid multification       ,None
830,prolix,tiring because too long        ,None
831,prone,prostrate inclined to (undesirable things)       ,None
832,propagation,increasing the number spreading extending       ,None
833,propinquity,nearness in time or place affinity of nature    ,None
834,propitiatory,conciliatory appeasing mitigating         ,None
835,propitious,auspicious presenting favorable circumstances        ,None
836,prosaic,everyday mundane commonplace trite pedestrian       ,None
837,proscribe,denounce as dangerous         ,None
838,protracted,prolonged           ,None
839,provident,frugal looking to the future       ,None
840,provisional,of the present time only       ,None
841,provoke,make angry vax         ,None
842,prudence,careful forethought          ,None
843,prudish,easily shocked excessively modest        ,None
844,prune,dried plum silly person        ,None
845,pry,get smth inquire too curiously       ,None
846,pucker,wrinkle         ,None
847,pugnacious,fond of in the habit of fighting     ,None
848,puissance,strength         ,None
849,punctilious,precise paying attention to trivialities       ,None
850,pundit,pedant authority on a subject       ,None
851,pungency,sharpness stinging quality         ,None
852,purvey,provide supply          ,None
853,pusillanimous,cowardly craven          ,None
854,putrefaction,becoming rotten        ,None
855,pyre,large pile of wood for burning      ,None
856,quack,person dishonestly claiming to smth       ,None
857,quaff,drink deeply          ,None
858,quail,lose courage turn frightened        ,None
859,qualm,feeling of doubt temporary feeling of sickness     ,None
860,quandary,state of doubt or perplexity     ,None
861,quell,suppress subdue          ,None
862,quibble,try to avoid by sophistication       ,None
863,quiescence,state of being passive/motionless      ,None
864,quiescent,at rest dormant torpid        ,None
865,quirk,habit or action peculiar to smb or smth    ,None
866,quixotic,generous unselfish          ,None
867,quotidian,banal everyday          ,None
868,rabble,mob crowd the lower classes of populace     ,None
869,raconteur,person who tells anecdotes        ,None
870,raffish,low vulgar base tawdry        ,None
871,ramify,to be divided or subdivided to branch out    ,None
872,rancorous,feeling bitterness spitefulness         ,None
873,rant,use extravagant language         ,None
874,rapacious,greedy (esp for money)        ,None
875,rarefy,to make thin to make less dense to purify or refine ,None
876,rave,act with excessive enthusiasm      ,None
877,reactionary,opposing progress          ,None
878,rebuff,snub           ,None
879,recalcitrant,disobedient           ,None
880,recant,take back as being FALSE give up     ,None
881,recast,cast or fashion anew        ,None
882,recidivism,relapse into antisocial or criminal behavior      ,None
883,reciprocity,granting of privileges in return for similar     ,None
884,recitals,a number of performance of music      ,None
885,recluse,person who lives alone and avoids people     ,None
886,recompense,make payment to reward punish       ,None
887,reconcile,settle a quarrel restore peace       ,None
888,recondite,little known abstruse         ,None
889,recreancy,cowardice a cowardly giving up       ,None
890,recuperate,become strong after illness loss exhaustion      ,None
891,redeem,get back by payment compensate       ,None
892,redoubtable,formidable causing fear         ,None
893,refine,make or become pure cultural       ,None
894,refractory,stubborn unmanageable untractable         ,None
895,refulgent,shining brilliant          ,None
896,regale,to delight or entertain to feast      ,None
897,regicide,crime of killing a king       ,None
898,reiterate,say or do again several times      ,None
899,rejuvenation,becoming young in nature or appearance      ,None
900,relapse,fall back again         ,None
901,remonstrate,to protest object         ,None
902,render,deliver provide represent         ,None
903,renovate,restore smth to better condition       ,None
904,renowned,celebrated famous          ,None
905,repast,meal           ,None
906,repel,refuse to accept/cause dislike      ,None
907,repine,at be discontented with        ,None
908,reproach,scold upbraid          ,None
909,reprobate,person hardened in sin one devoid of decency    ,None
910,repudiate,disown refuse to accept or pay      ,None
911,repulsive,causing a feeling of disgust       ,None
912,requite,repay give in return        ,None
913,rescind,repeal/annul/cancel         ,None
914,resigned,unresisting submissive          ,None
915,resilience,quality of quickly recovering the original shape     ,None
916,resort,to frequently visit         ,None
917,restive,refusing to move reluctant to be controlled     ,None
918,resuscitation,coming back to consciousness        ,None
919,retard,check hinder          ,None
920,reticent,reserved untalkative silent taciturn        ,None
921,revere,have deep respect for        ,None
922,reverent,feeling or showing deep respect     ,None
923,riddle,puzzling person or thing      ,None
924,rift,split crack dissension         ,None
925,rivet,fix take up secure metal pin      ,None
926,roll,call calling of names        ,None
927,rotund,rich and deep plump and round      ,None
928,ruffian,violent cruel man         ,None
929,rumple,make rough        ,None
930,sagacious,having sound judgment perceptive wise like a sage    ,None
931,salacious,obscene           ,None
932,salubrious,healthful           ,None
933,salutary,remedial wholesome causing improvement        ,None
934,sanctimony,self-righteousness hypocritical with FALSE piety       ,None
935,sanction,approval (by authority) penalty        ,None
936,sanguine,cheerful confident optimistic         ,None
937,sanity,health of mind soundness of judgement      ,None
938,sash,long strip worn round the waist    ,None
939,satiate,satisfy fully          ,None
940,saturnine,gloomy dark sullen morose        ,None
941,savant,person of great learning        ,None
942,savor,taste flavor smth         ,None
943,sawdust,tiny bits of wood        ,None
944,scabbard,sheath for the blade        ,None
945,scent,smell (esp pleasant)         ,None
946,scorch,become discolored/dry up/go at high speed    ,None
947,scribble,write hastily          ,None
948,scurvy,mean contemptible          ,None
949,secular,material (not spiritual) living outside monasteries      ,None
950,sedulous,persevering           ,None
951,seminal,like a seed constituting a source originative     ,None
952,sententious,short and pithy full of maxims/proverbs      ,None
953,sequence,succession connected line of        ,None
954,sere,make hard and without feeling     ,None
955,sermon,reproving a person for his faults    ,None
956,serrated,having a toothed edge        ,None
957,serration,having a toothed edge        ,None
958,servile,like a slave lacking independence       ,None
959,sever,break off        ,None
960,severance,severing           ,None
961,shallow,little depth not earnest        ,None
962,shard,piece of broken earthenware        ,None
963,sheath,cover for the blade of a weapon or a tool  ,None
964,shrewd,astute showing sound judgement        ,None
965,shrill,sharp piercing          ,None
966,shun,keep away from avoid        ,None
967,shunt,send from one track to another lay aside evade discussion  ,None
968,sidestep,step to one side        ,None
969,simper,(give a) silly/self-conscious smile      ,None
970,sinuous,winding undulating serpentine         ,None
971,skiff,small boat          ,None
972,skit,short piece of humorous writing       ,None
973,slack,sluggish dull not tight        ,None
974,slake,to assuage to satisfy allay       ,None
975,slate,king of blue-grey stone propose criticize      ,None
976,sluggard,lazy slow-moving person         ,None
977,slur,join sounds/words (indistinct)       ,None
978,smolder,burn slowly without flame      ,None
979,snare,trap         ,None
980,snub,treat with contempt       ,None
981,soar,rise fly high         ,None
982,sober,self-controlled           ,None
983,sobriety,quality or condition of being sober      ,None
984,sodden,soaked saturated          ,None
985,soggy,heavy with water         ,None
986,solvent,of the power of forming a solution     ,None
987,somatic,of the body         ,None
988,soot,black powder in smoke        ,None
989,sophisticated,complex subtle refined         ,None
990,sophistry,fallacious reasoning faulty logic        ,None
991,sophomoric,self-assured though immature affected bombastic overblown      ,None
992,soporific,producing sleep        ,None
993,sordid,wretched comfortless contemptible         ,None
994,spear,weapon with a metal point on a long shaft   ,None
995,specious,illogical of questionable truth or merit      ,None
996,splenetic,bad-tempered irritable          ,None
997,splice,join (two ends)         ,None
998,sponge,porous rubber for washing live at once expense    ,None
999,spurious,FALSE counterfeit          ,None
1000,spurn,have nothing to do reject or refuse     ,None
1001,squalid,foul filthy          ,None
1002,squander,spend wastefully          ,None
1003,squat,crouch/settle without permission       ,None
1004,stanch,to stop the flow of a fluid     ,None
1005,steeply,rising or falling sharply        ,None
1006,stentorian,extremely loud and powerful        ,None
1007,stickler,person who insists on importance of smth     ,None
1008,stigma,mark of shame or disgrace       ,None
1009,stigmatize,describe smb scornfully         ,None
1010,sting,smth sharp          ,None
1011,stingy,spending using unwillingly         ,None
1012,stint,to be thrifty to set limits      ,None
1013,stipple,paint with dots       ,None
1014,stipulate,state or put forward as a necessary condition    ,None
1015,stolid,showing no emotion impassive        ,None
1016,stray,wander lose one's way        ,None
1017,streak,long thin move very fast       ,None
1018,striated,striped grooved or banded        ,None
1019,stride,walk with long steps        ,None
1020,strut,a supporting bar         ,None
1021,stygian,hence dark gloomy         ,None
1022,stymie,to hinder obstruct or block       ,None
1023,subdue,overcome bring under control        ,None
1024,sublime,extreme astounding          ,None
1025,submerge,put under water liquid sink out of sight    ,None
1026,suborn,induce by bribery or smth to commit perjury    ,None
1027,subpoena,written order requiring a person to appear in a low court ,None
1028,substantiation,giving facts to support (statement)     ,None
1029,subsume,include under a rule        ,None
1030,succor,assistance relief in time of distress      ,None
1031,suffice,be enough          ,None
1032,suffocate,cause or have difficulty in breathing    ,None
1033,sullied,to be stained or discredited       ,None
1034,summarily,briefly without delay         ,None
1035,sumptuous,magnificent           ,None
1036,sundry,various miscellaneous separate         ,None
1037,supercilious,disdainful characterized by haughty scorn       ,None
1038,superfluous,more then is needed or wanted      ,None
1039,superimpose,put smth on the top       ,None
1040,supersede,take the place of        ,None
1041,supine,lying on the back slow to act passive    ,None
1042,suppliant,asking humbly beseeching         ,None
1043,supplicate,make a humble petition to       ,None
1044,suppress,prevent from being known put an end to    ,None
1045,surcharge,additional load/charge        ,None
1046,surfeit,satiate feed to fulness or to excess     ,None
1047,susceptibility,sensitiveness           ,None
1048,swerve,change direction suddenly       ,None
1049,sycophant,person who flatter to the rich and powerful    ,None
1050,synopsis,summary or outline         ,None
1051,taciturn,untalkative silent          ,None
1052,tadpole,form of a frog when it leaves the egg ,None
1053,talon,claw of a bird of prey      ,None
1054,tamp,tap or drive down by repeated light blows    ,None
1055,tamper,interfere with          ,None
1056,tangential,suddenly changeable          ,None
1057,tarnished,lost brightness          ,None
1058,tassel,bunch of threads       ,None
1059,taunt,contemptuous reproach hurtful remark        ,None
1060,taut,tightly stretched          ,None
1061,tautology,a repetition a redundancy        ,None
1062,tawdry,cheap gaudy showy tacky        ,None
1063,teetotal,oppose to alcohol         ,None
1064,temerity,boldness brashness intrepidness         ,None
1065,temperance,abstinence from alcohol self-control moderation       ,None
1066,temperate,showing self-control          ,None
1067,tenacity,firmness persistency adhesiveness tending to hang on     ,None
1068,tenuous,insubstantial flimsy weak         ,None
1069,tepid,lukewarm         ,None
1070,terse,brief and to the point       ,None
1071,testiness,witness/evidence         ,None
1072,thrift,care economy thriving prosperous        ,None
1073,thwart,obstruct/frustrate         ,None
1074,timid,shy easily frightened         ,None
1075,timorous,fearful timid afraid         ,None
1076,toady,obsequious flatterer        ,None
1077,tonic,smth giving strength or energy       ,None
1078,topple,be unsteady and overturn        ,None
1079,torment,severe pain or suffering        ,None
1080,torpid,sleeping sluggish lethargic dormant        ,None
1081,torque,twisting force causing rotation      ,None
1082,tortuous,devious/not straightforward        ,None
1083,tout,person who worries others to buy smth to use his service ,None
1084,tractable,easily controlled or guided        ,None
1085,transgress,break go beyond (a limit)       ,None
1086,transient,temporary fleeting          ,None
1087,transitory,brief           ,None
1088,travesty,parody/imitation         ,None
1089,trenchant,forceful effective vigorous extremely perceptive incisive      ,None
1090,trepidation,alarm excited state of mind       ,None
1091,trickle,flow in drops       ,None
1092,trifling,unimportant           ,None
1093,trite,not new          ,None
1094,truce,(agreement) stop of fighting for a time   ,None
1095,truculence,aggressiveness ferocity          ,None
1096,trudge,walk heavily          ,None
1097,turbid,muddy having the sediment stirred up      ,None
1098,turbulence,being uncontrolled violent         ,None
1099,turgid,excessively ornate swollen or bloated       ,None
1100,turmoil,trouble disturbance          ,None
1101,turpitude,wickedness shamefulness          ,None
1102,turquoise,greenish-blue precious stone       ,None
1103,tyro,tiro beginner          ,None
1104,ubiquitous,present everywhere        ,None
1105,ulterior,situated beyond          ,None
1106,umbrage,offense resentment          ,None
1107,uncouth,rough awkward          ,None
1108,underbid,make a lower bid then smb else     ,None
1109,undermine,weaken gradually at the base make smth under    ,None
1110,undulate,to move in wavelike fashion fluctuate      ,None
1111,unearth,discover and bring to light     ,None
1112,unencumbered,easy-going trifle          ,None
1113,unfeigned,not pretended sincere         ,None
1114,unscathed,unharmed unhurt          ,None
1115,untoward,unfortunate inconvenient          ,None
1116,upbraid,scold reproach          ,None
1117,urbane,elegant refined in manners        ,None
1118,vacillation,being uncertain hesitating         ,None
1119,vagary,strange act or idea        ,None
1120,vain,without use result conceited        ,None
1121,valiant,brave           ,None
1122,valorous,brave           ,None
1123,vanquish,conquer           ,None
1124,veer,change direction          ,None
1125,venal,ready to do smth dishonest       ,None
1126,veneer,surface appearance covering the TRUE nature      ,None
1127,veneration,regard with deep respect        ,None
1128,veracity,truth           ,None
1129,verdant,fresh and green       ,None
1130,verisimilitude,appearing TRUE or real        ,None
1131,veritable,real rightly named         ,None
1132,verve,spirit vigor enthusiasm         ,None
1133,vestige,trace or sign       ,None
1134,vex,annoy distress trouble         ,None
1135,vigilance,watchfulness self-appointed group who maintain order      ,None
1136,vigilant,member of a vigilance committee       ,None
1137,vigorous,strong energetic          ,None
1138,vilify,slander say evil things        ,None
1139,vindictive,having a desire to revenge       ,None
1140,virago,a loud domineering woman a scold or nag    ,None
1141,visceral,of the internal organs of the body     ,None
1142,viscous,sticky/semi-fluid         ,None
1143,vitiate,lower the quality weaken the strength      ,None
1144,vituperate,curse abuse in words        ,None
1145,vivacious,lively high-spirited          ,None
1146,volatile,changeable inconstant fickle unstable explosive       ,None
1147,volubility,fluency verbosity easy use of spoken language     ,None
1148,voluble,fluent           ,None
1149,waffle,talk vaguely and without much result    ,None
1150,waft,scent waving movement carry lightly through      ,None
1151,wag,merry person          ,None
1152,warmonger,person who stirs up war       ,None
1153,warrant,authority written order guarantee        ,None
1154,wean,to turn away (from a habit)    ,None
1155,weigh,measure hoe heavy smth is       ,None
1156,welter,turmoil a bewildering jumble        ,None
1157,wend,to go proceed         ,None
1158,whimsical,full of odd and fanciful ideas      ,None
1159,wince,show bodily or mental pain       ,None
1160,woo,try to win         ,None
1161,writ,written order        ,None
1162,yarn,tale story fibers for knitting       ,None